word	vol_lv	count
FLAVORED BEAN COFFEE	3	624
PEANUT BUTTER	4	6756
KIDS CEREAL	4	16917
TRADITIONAL	4	7071
POURABLE SALAD DRESSINGS	4	12586
THIGHS (IQF)	2	181
CROUTONS SALAD TOPPERS BREAD	3	2218
EGGS - X-LARGE	4	9394
PICKLES	4	5021
JELLY	3	2095
HEAD LETTUCE	4	7064
ONIONS SWEET (BULK&BAG)	4	6072
FLUID MILK WHITE ONLY	5	62540
ICE CREAM SANDWICHES	3	2166
PRESERVES JAM MARMALADE	3	3018
FRZN BREADED PREPARED CHICK	4	8112
MAINSTREAM WHITE BREAD	4	26867
COVERGIRL	3	1284
FIRST AID MEDICATIONS	3	419
DAIRY CASE 100% PURE JUICE - O	4	16475
CARDS EVERYDAY	4	6013
RUBBER GLOVES	2	282
PREMIUM	4	17507
BLENDED JUICE&COMBINATIONS (50	3	1473
FABRIC REFRESHERS/DRY CLEAN	3	468
 	4	7102
ORAL HYGIENE BRUSHES	3	1750
MISCELLANEOUS CHEESE	3	2694
PRETZELS	4	7324
CORN CHIPS	4	3347
CANDY BARS (SINGLES)(INCLUDING	4	21582
REFRIGERATED COFFEE CREAMERS	4	6109
FRZN DINNER ROLLS	3	797
SW GDS:DONUTS	4	6340
LIQUID LAUNDRY DETERGENTS	4	7282
POTATOES RUSSET (BULK&BAG)	4	9665
BEERALEMALT LIQUORS	4	16281
FRUIT SNACKS	4	5384
LINKS - RAW	3	2571
KOSHER/SPECIALTY	3	1019
YOGURT NOT MULTI-PACKS	5	37099
IWS SINGLE CHEESE	4	11867
SALAD MUSTARD	3	2608
BEANS GREEN: FS/WHL/CUT	4	7522
DRESSINGS	3	1522
MAINSTREAM	4	10347
COTTAGE CHEESE	4	8245
SKILLET DINNERS	4	5436
COLESLAW	3	885
MARGARINE  STICK	4	4523
FRZN BAGGED VEGETABLES - PLAIN	4	13655
CELERY	4	4810
BANANAS	4	30090
ORIENTAL OTHER SAUCES MARINAD	3	980
ORIENTAL VEGETABLES	3	611
SPAGHETTI DRY	4	6805
CREAM CHEESE	4	9089
REFRIG DIPS	4	3853
GREEN OLIVES	3	1342
PORK-FULLY COOKED	3	941
RICE - INSTANT & MICROWAVE	3	2136
CARROTS MINI PEELED	4	6208
CORN	4	7084
HAMBURGER BUNS	4	10253
GRAPES BLACK/BLUE	3	767
EGGS - LARGE	4	13108
SOUR CREAMS	4	8866
REFRIGERATED ENGLISH MUFFINS	3	408
SHREDDED CHEESE	4	27140
SANDWICHES&HANDHELDS	4	8267
CARROTS	3	955
CHEESE:CHEESEBALLS/SPREADS	3	800
ROLLS: BAGELS	3	1216
NON-CRBNTD DRNKING/MNERAL WATE	4	7491
SUSHI - IN STORE PREPARED	3	756
SEAFOOD-FRE-NON RW-ALL	3	1313
LUNCH COMBO	4	5996
LIQUID BLEACH	3	2630
ALL FABRIC LIQUID BLEACH	3	397
CIGARETTES	4	10391
SOFT DRINKS 12/18&15PK CAN CAR	5	37387
CLEANING WIPES	3	1128
SWEET GOODS - FULL SIZE	4	8458
FLOOR - DILUTABLES	3	703
FABRIC SOFTENER LIQUID	3	2167
TOOLS - FLOOR & FURNITURE	3	991
PAPER TOWELS & HOLDERS	4	10456
CUPS/PUSH UPS/OTHER	3	850
SFT DRNK 2 LITER BTL CARB INCL	5	34638
BARS - GRANOLA/SNACK	2	286
SOFT DRINK CANISTERS	3	1640
WINGS (IQF)	3	1538
PEAS GREEN	3	2879
SEAFOOD-FRZ-BRD SHRIMP	3	678
FRZN CORN ON THE COB	3	589
SANDWICH COOKIES	4	4381
PREPARED BEANS - BAKED W/PORK	4	5020
DRUMS (IQF)	2	195
SPRING WATER	4	6171
FRZN BAGGED VEGETABLES- VALUE	3	1947
ENHANCED	4	6592
DRY & SPRAY STARCH	2	260
COUGH SYRP/LOZNG-DRP/XPCTRNT	3	1445
MISCELLANEOUS	3	2998
BASIC OPENSTOCK	2	132
SNACK CAKE - MULTI PACK	4	16265
CONDENSED SOUP	4	17261
ADULT CEREAL	4	8735
SANDWICH BUNS	3	2249
REGULAR GARDEN	4	5094
SANDWICH SAUCE HORSERADISH SA	3	777
TOILET TISSUE	4	12821
COCKTAILS	3	551
BAGGED POPPED POPCORN	3	1576
HAM	4	6187
LEMONS	3	2533
JUICE	3	1387
SQUASH ZUCCHINI	3	1330
PEARS BARTLETT	3	820
SOUP CRACKERS (SALTINE/OYSTER)	4	6052
SNACKS/APPETIZERS	4	12560
CLEMENTINES	3	790
WAFFLES/PANCAKES/FRENCH TOAST	4	6254
FRZN MULTI SERVE ENTREES ALL	4	6920
REFRIGERATED SPECILATY ROLLS	4	4687
SNACK CRACKERS	4	5311
GRANOLA BARS	4	4907
SPICES & SEASONINGS	4	9998
CANDY BOXED CHOCOLATES	2	295
SOFT DRINK POWDER POUCHES	4	12950
TEA BAGS & BULK TEA	3	1745
MULTI-PACK CRACKERS	3	2320
PIZZA/TRADITIONAL	4	6391
PEPPERONI/SALAMI	4	3705
APPLES FUJI (BULK&BAG)	3	963
WOMEN S GENERAL-MAGAZINE	3	1924
GARBAGE KITCHEN COMPACTOR BA	3	2854
SOFT DRINKS 20PK&24PK CAN CARB	4	5223
MISCELLANEOUS MILK	3	3002
FLOURS/GRAINS/SUGAR	2	253
SPINACH BULK	3	422
TOMATOES HOT HOUSE BULK	3	537
TORTILLA/NACHO CHIPS	4	14405
BLENDS	4	4570
ORGANIC MUSHROOMS	2	40
HERBS CILANTO	3	555
ONIONS OTHER	4	3422
PEPPERS RED BELL	3	1895
CHEWING GUM	4	8752
WATER ICE	4	3383
MAINSTREAM WHEAT/MULTIGRAIN BR	4	14149
ISOTONIC DRINKS MULTI-SERVE	3	1940
FRZN SS PREMIUM ENTREES/DNRS/T	4	11802
VARIETY LETTUCE	4	3886
SEMI-SOLID SALAD DRESSING MAY	4	7329
POULTRY	4	7059
POTATO CHIPS	4	21951
STICKS/ENROBED	4	5077
INFANT FORMULA MILK BASE	3	825
LINKS - COOKED	3	791
BASIC PAPER PLATES	3	1241
SAL: SALSA/DIPS BULK	2	307
PLASTIC CUPS	3	1472
TOMATOES VINE RIPE PKG	3	1551
PICKLD VEG PEPPERS ETC	3	1180
CAULIFLOWER WHOLE	3	1350
BOX WINES	3	441
APPLES GALA (BULK&BAG)	4	3523
HOT SAUCE	3	2197
ADULT ANALGESICS	3	2980
RTD COCKTAILS 750ML PLUS <=42P	2	127
FABRIC SOFTENER SHEETS	3	1671
TOMATOES GRAPE	3	2526
VARIETY BEANS - KIDNEY PINTO	4	7268
NATURAL CHEESE EXACT WT SLICES	4	4252
MEXICAN SEASONING MIXES	4	3600
CHUCK/SHOULDER	2	102
MUSHROOMS CND & GLASS	3	2487
CHILI: CANNED	4	3855
CANDY BAGS-CHOCOCLATE	4	5123
CUCUMBERS	4	5772
ANGUS	3	1862
BETTER FOR YOU	3	2794
ENGLISH MUFFINS/WAFFLES	3	2366
DISPOSABLE FD STORAGE CONTAINR	3	1145
CHIX: ROTISSERIE (HOT)	3	1968
GUM (PACKAGED)	3	1414
MEXICAN SAUCESSALSAPICANTEE	4	6143
BANDANA/SCARVES	2	266
BREAST - BONELESS(IQF)	4	3297
TOMATOES VINE RIPE BULK	4	3680
BROCCOLI WHOLE&CROWNS	4	3626
NOODLES DRY	4	6057
FRZN GARLIC BREAD/TOAST/STICKS	4	5644
RAWHIDE CHEWS	3	989
MISC SALES TRANS	3	1506
REFRIGERATED BAGELS	3	1177
VEG JUICE (EXCEPT TOMATO) (OVE	3	1706
SOY/RICE MILK	3	1387
SW GDS: BROWNIE/BAR COOKIE	3	348
REFRIGERATED COOKIES-CHUB	3	2778
GASOLINE-REG UNLEADED	2	178
INSTORE CUT FRUIT	4	4021
SV BEV: BEV/JUICE 50-100% JUIC	2	262
SOUPS	3	412
PREMIUM PINTS	4	3569
WHOLE CHICKEN (ROASTERS/FRYER)	3	1666
SALAD BAR FRESH FRUIT	4	6735
VINEGAR WINE/RICE	2	289
CHICKEN THIGHS	3	1345
CAKES: NOVELTIES	3	1292
TUNA	4	7279
KRAUT & CABBAGE	3	784
SUGAR	4	9372
GARLIC JAR	3	459
GREENS	3	1471
PINEAPPLE WEDGE/SLICED/CHUNKS	2	34
NON-CARB FLVRD DRNKNG/MNRL WAT	4	3245
BREAD:SAVORY/SPECIALTY	3	1870
LIMES	3	1646
CARBONATED WATER - FLVRD UNSWE	2	290
SAL:OLIVES/PICKLES-BULK	2	265
CHICKEN BREAST BONELESS	4	6526
MACARONI DRY	4	4373
MINTS CANDY & BREATH (NOT LIF	3	2126
PRIMAL	4	12765
PEARS BOSC	2	199
PLUMS	3	1627
PEARS ANJOU	3	927
SOUP/STEW	3	1560
GRAPES WHITE	4	4347
BUTTER	4	5138
FLOUR: MISC SPECIALTY BLEND	3	459
COOKING CHOCOLATE (EX SMI-SWT)	3	443
SPARKLING WINES	3	405
PUDDINGS DRY	3	2678
MARGARINE: SQUEEZE	3	409
LAYER CAKE MIX	4	4457
APPLES GOLD DELICIOUS (BULK&BA	3	2218
POTATOES: DRY	4	3990
MARGARINE: TUBS AND BOWLS	4	9408
HAIR SETS AND GELS	3	1384
TRAY PACK/CHOC CHIP COOKIES	4	4544
AIR CARE - CONTINUOUS ACTION	3	1855
SALLY HANSEN	3	344
TOOTHPASTE	4	4870
FEM YEAST TREATMENTS	2	137
HAIR BARRETTES TAILERS	3	592
STRAWBERRIES	4	7403
MANDARIN ORANGES/CITRUS SECT	3	1757
CABBAGE	3	2297
BUTTS	3	506
SOCIAL&LIFESTYLE-MAGAZINE	3	913
FEM. HYGN.NAPKINS	3	2776
CHEESE: PROCESSED BULK	4	3253
EGGS - MEDIUM	4	3663
ROLLS: SANDWICH	3	1451
MEAT:HAM BULK	4	6680
SFT DRNK 3 LITER BTL CARB (EXC	3	425
YOGURT MULTI-PACKS	4	7649
PASTA: CANNED	4	10706
MEAT: LUNCHMEAT BULK	4	3946
LEAN	4	8738
ENTREES	4	3794
PIZZA/ECONOMY	4	7068
DAIRY CASE TEA WITH SUGAR OR S	3	1933
CHIX:FRD 8PC/CUT UP (HOT)	3	1272
AEROSOL TOPPINGS	3	1157
NOVELTY CANDY	3	514
ECONOMY	4	4155
TOASTER PASTRIES	4	7160
REFRIGERATED BISCUITS REGULAR	4	6559
MOLASSES & SYRUPS	4	3661
ISOTONIC DRINKS SINGLE SERVE	4	7654
BABY DIAPERS	4	4348
BABY JUICES	3	1616
PLASTIC TRASH BAGS	3	1299
CRANAPPLE CRAN GRAPE JUICE (5	3	1713
PUDDING&GELATIN CUPS/CANS	4	3882
APPLES RED DELICIOUS (BULK&BAG	3	2814
ASEPTIC PACK JUICE AND DRINKS	4	8552
VEGETABLES ALL OTHER	3	2019
AIR CARE - SANITIZERS	2	300
DAIRY CASE JUICE DRNK UNDER 10	4	5580
HARD SQUASH	3	547
SEASONAL CANDY BAGS-CHOCOLATE	4	4107
CRANBERRY JUICE (50% AND UNDER	3	1523
PEPPERS ALL OTHER	3	1065
SFT DRNK SNGL SRV BTL CARB (EX	4	10072
CUT VEGETABLES ALL OTHER	3	1258
CHOICE BEEF	4	10210
HAM- NET WEIGHT	3	716
CRANAPPLE CRAN GRAPE JUICE (O	2	261
GARLIC WHOLE CLOVES	3	1620
PIZZA	3	445
ROMA TOMATOES (BULK/PKG)	3	2123
VAC PAC NUTS(CANS)	3	2704
CORNMEAL	3	585
DRY BEANS/PEAS/BARLEY: BAG & B	3	1575
PEPPERS SERRANO	3	453
TOMATOES HOTHOUSE ON THE VINE	4	4260
SS ECONOMY ENTREES/DINNERS ALL	4	18134
DRY DOG FOOD PREMIUM (ALPO/PUR	3	1538
FREEZER BAGS	3	1658
GRND/PATTY - FROZEN	3	2587
LIQUID SOAP	3	1871
GADGETS/TOOLS	3	1921
SANDWICHES/BISCUITS/GRAVY	3	993
AIR CARE - AEROSOLS	3	1394
COLD AND FLU - DXM	3	1192
CLEANSING WIPES	3	686
ICE CREAM TOPPINGS	3	1219
CORN OIL	2	154
COOKING SPRAYS	3	1689
CHOCOLATE MILK	4	8136
FACIAL TISSUE & PAPER HANDKE	4	5084
FROSTING	4	3602
BAR SOAP	3	2786
PET TREATS	2	293
PAPER AND FOAM DRINKING CUPS	3	740
MUFFIN & CORN BREAD MIX	4	3781
PEPPERS GREEN BELL	4	5343
EGG NOG/BOILED CUSTARD	3	656
BAGELS	4	3983
BITS & MORSELS	3	2331
FRUIT/BREAKFAST BREAD	3	904
BREAD:PITA/POCKET BREADS	3	421
COOKIES: REGULAR	4	3231
GARDEN PLUS	4	4009
BBQ SAUCE	4	4525
APPLE JUICE & CIDER (OVER 50%	3	2929
BABY FOOD - BEGINNER	4	10870
VITAMIN - CHILDREN	3	346
MISC MEAT SAUCES	3	1583
RIBS	3	1966
MEAT: SAUS DRY BULK	3	2996
MACARONI & CHEESE DNRS	4	8600
CANDY BAGS-NON CHOCOLATE	4	4247
INFANT FORMULA SOY BASE	3	467
AIR CARE - CONTINUOUS - NON EL	3	656
FURNITURE	3	562
POTATOES GOLD (BULK&BAG)	3	548
ASPARAGUS	3	1945
CONVENTIONAL LITTER	3	1243
NEWSPAPER	4	4599
SPONGES: BATH HOUSEHOLD	3	1228
KITCHEN & MULTI-PURPOSE CLEANE	3	638
MAYBELLINE	3	1145
TOAST/GRIDDLES	1	17
ANT AND ROACH	3	331
AIR CARE - DISINFECTANT SPRAYS	2	268
FOOT CARE - SHOE INSOLE/PADS	2	181
INSIDE FROST BULBS	3	1668
BACON - BELLY/JOWL	2	309
FRUIT COCKTAIL FRUIT SALAD	3	1729
HAMS-WHOLE BONELESS	3	438
MISCELLANEOUS VEGETABLES	3	1139
SV BEV: N/CARB FLV FRK/MINWTR	2	132
SGL SV/VEND MACH SNACKS CHIP/P	4	7967
VENDOR SIZE/SINGLE SERVE COOKI	3	1012
NO SUBCOMMODITY DESCRIPTION	3	2092
GRATED CHEESE	3	2118
STEAK & WORCHESTER SAUCE	3	2286
HOT MUSTARD/SPECIALTY MUSTAR	3	1246
PASTA/GRAIN SALADS - BULK	3	330
ANGUS BEEF	3	473
FLAVORED RUM (42 UNDER PROOF)	2	127
TRADITIONAL RUM (42 UNDER PROO	2	77
DAIRY CASE 100% PURE JUICE OTH	3	1487
FRZN BRD STICK/PORTON	3	2297
SNACK MIX	3	1378
GROUND COFFEE	4	5457
FRZN HASHBROWN POTATOES	3	1295
DESIGNER PAPER: MEDIUM WEIGHT	3	1443
SMOKED/COOKED	4	7200
HOT DOG BUNS	4	8111
FRZN TATER TOTS/OTHER EXTRUDED	3	1493
PREMIUM - MEAT	4	4251
BATHROOM CLEANERS - SPECIALTY	3	587
NOODLE SIDE DISH MIXES	4	4463
CANDLES	3	802
MULTI-PACK COOKIES	3	1113
LOIN - CHOPS BONELESS	3	1277
ROUND/LEG - STK/CHP/SLC	2	43
OVEN	3	471
PEARS	3	1537
VEGETABLE/SALAD OIL	4	3554
MEXICAN SOFT TORTILLAS AND WRA	3	2083
GRAPEFRUIT	3	1261
CANNED MILK	3	1536
PINEAPPLE	4	3568
RICE SIDE DISH MIXES DRY	4	7123
RYE BREADS	3	2409
OTHER - FULLY COOKED	2	307
CANISTER POTATO/TORT CHIPS	4	5799
PLSTC CTLRYTBLCLTHSTTHPKSST	3	2419
SALAD DRESSING MIXES	3	864
BAGGED CHEESE SNACKS	4	3361
CHEESE: NATURAL BULK	4	5769
FRZN FRENCH FRIES	4	6329
CATSUP	4	5702
POPCORN - MICROWAVE	4	4212
LIQUID DISH DETERGENT	4	3814
FEM. HYGN. TAMPONS	3	1554
MENS SS SPT SHIRT	1	21
PRINT FILM	2	257
CHEESE:SPECIALTY PREPACK	3	2122
ORGANIC TOMATOES	2	123
SEAFOOD-MISC-SAUCES/MARIN-WET	3	733
BUTTER SPRAY CRACKER (RITZ/CLU	4	5292
DIET CNTRL BARS NUTRITIONAL	3	1012
ITALIAN FOODS	3	327
VEGETABLE SALADS - PREPACK	3	2239
COOKIES: MESSAGE	2	150
MISC REFRIG DOUGH PRODUCTS	3	1088
SPECIALTY CRACKERS	3	952
PREGNANCY TEST KITS	2	121
BREAD:LOAF/SNACK	3	884
CANDY BARS (MULTI PACK)	4	6742
COTTON COTTON SWABS	3	629
TOILET BOWL MANUAL	3	862
APPLE SAUCE	3	1598
AUSTRALIAN/NZ WINES	3	1051
N/A DEOD SPRAY/GEL DEOD	3	418
BURRITOS	3	2161
INFLATABLES	2	78
REFRIGERATED MEXICAN PRODUCTS	3	2603
FOAM PLATES	3	1824
GROUND TURKEY	3	1111
PATTIES	3	2307
POWDER LAUNDRY DETERGENT	3	910
MEXICAN BEANS REFRIED	3	1680
RAMEN NOODLES/RAMEN CUPS	4	7315
SAUCE MIXES GRAVY MIXES DRY	4	5305
TOMATO SAUCE	4	3908
MUSHROOMS WHITE SLICED PKG	3	1627
TOMATOES: STEWED/DICED/CRMD	4	5988
KABOBS	2	160
SEASONAL MISCELLANEOUS	3	1767
BAGS/TAGS/TISSUE/BOXES	3	418
WRAP	2	223
XMAS PLUSH	2	145
BOXED CHRISTMAS CARDS	2	206
SEASONAL CANDY BAGS NON-CHOCOL	3	1104
BREAD:ITALIAN/FRENCH	4	4503
FROZEN FRUIT PIES  & COBBLERS	3	1204
DISTILLED WATER	3	807
BABY FOOD JUNIOR ALL BRANDS	4	6173
KIWI FRUIT	3	828
ALL FAMILY CEREAL	4	11858
DIPILATORIES	2	131
MISC BAG SNACKS	3	2028
SEAFOOD-FRE-SALMON	3	744
NATURAL CHEESE EXACT WT CHUNKS	4	9309
MISCELLANEOUS CANDY (INCLUDING	3	2726
WRITING INSTRUMENTS	3	1066
ORGANIC SALAD MIX	3	1451
CEREAL BARS	4	3880
MULT PK BAG SNACKS	3	826
REFRIGERATED PUDDING	4	3886
RASPBERRIES	3	931
MANGO	3	398
FRZN WHIPPED TOPPING	4	3790
BLACKBERRIES	3	410
FROZEN CAKES/ALL TYPES INCLUDI	3	746
BLUEBERRIES	3	1793
ALUMINUM FOIL	3	2771
CHEESE CRACKERS (CHEEZ-ITS/GOL	4	7842
CARBONATED WATER - FLVRD SWEET	3	1408
MISC: CHEESECAKE MOUSSE MIXES	2	248
SFT DRNK MLT-PK BTL CARB (EXCP	4	6646
DISPOSABLE FOILWARE	3	1789
NON DAIRY CREAMER: DRY	3	2627
SEASONED PORK	3	439
VANILLA WAFER/KIDS COOKIES	3	2551
RELISHES	3	1331
BOLOGNA	4	6572
AUTHENTIC PASTA RICE BEANS	2	183
HOT CHOCOLATE COCOA MIX	3	1813
MEXICAN TACO TOSTADO SHELLS	3	1469
CUBED MEATS	3	989
HAMS-WHOLE BONE-IN	2	118
PIES: PUMPKIN/CUSTARD	3	768
REFRIGERATED COOKIES-SEASONAL	3	713
APPLES GRANNY SMITH (BULK&BAG)	3	2358
BROWNIE MIX	3	2381
GRAHAM CRACKERS	3	1776
FRZN BOXED VEGETABLES- VALUE A	4	4148
PROCESSED OTHER	3	813
NON-CARB WATER FLVR - DRNK/MNR	3	1434
RAISINS	3	1864
FRUIT DRINKS: CANNED & GLASS (	3	1427
GRAVY CAN/GLASS	3	2599
CONES	3	2273
INSTANT OATMEAL	4	3885
TOMATO PASTE	3	1718
ENERGY DRINK	3	1413
RICE - DRY BAG AND BOX	3	1571
GRAPEFRUIT JUICE (50% AND UNDE	2	282
NATURAL BEEF	3	1693
TEA SWEETENED	3	1997
VARIETY PACK	3	1140
GRAPES RED	4	5558
FITNESS&DIET - BARS	3	2556
DOG BISCUITS (HARD BISCUIT)	3	1415
DOG & CAT CHEMICALS	2	315
PIZZA/PREMIUM	4	5639
SEAFOOD-FRZ-RAW SHLFSH-OTHER	2	193
AUTO DISH DETERGENT - GEL	3	1236
DRY DOG FOOD SUPER PREM (ONE/N	3	800
BEEF - FULLY COOKED	3	740
FRUIT BOWL AND CUPS	4	7806
SWEETENERS	3	1822
RTS SOUP: CHUNKY/HOMESTYLE ET	4	12848
COLD AND FLU	3	1241
FRZN SS PREMIUM ENTREES/DNRS/N	4	15322
VINEGAR ALL-EXCEPT WINE/RIC	3	1333
HAIR CONDITIONERS AND RINSES	3	2838
FLASHLIGHTS	2	75
MEAT: CHICKEN BULK	3	528
PROTIEN SALADS - BULK	3	708
APPLES OTHER (BULK&BAG)	3	1892
LOAF CHEESE	3	1981
STUFFING MIXES	3	2714
PEACHES	3	2201
PREMIUM BREAD	4	5279
STOCKINGS/TREE SKIRTS/HATS	2	108
LAXATIVES	3	1286
DECOR	3	663
POTTED MEATS AND SPREADS	3	419
MEXICAN DINNERS AND FOODS	3	1715
LEGGS	3	320
DRY	3	788
MEAT: BEEF BULK	3	1926
EASTER PLUSH	2	75
FEEDING ACCESSORIES BOTTLES	3	1025
PREPAID WIRELESS CARDS	3	850
VITAMIN - MULTIPLE COMBIN	3	680
DRY CAT FOOD (CAT CHOW/FRISKIE	3	2295
SNUFF	2	244
WATERMELON SEEDLESS WHOLE	3	1387
FRESH	3	2280
CANTALOUPE WHOLE	3	2811
GRND/PATTY - CHUCK	3	376
PASTA/GRAIN SALADS - PREPACK	3	537
CHERRIES RED	3	882
MISCELLANEOUS H & B AIDS	3	671
PUZZLES	1	23
COOKIES: HOLIDAY/SPECIAL OCCAS	3	918
ORIENTAL FOODS AND MEALS	2	305
POULTRY - STEW W/DUMPLINGS/ A	2	237
CHUNK MEATS - ALL	3	1021
SALADS	2	273
SANDWICHES - (COLD)	3	872
DIET/LIGHT BREAD	3	2010
SAL: DESSERTS-PREPACK	3	343
FLOUR: WHITE & SELF RISING	3	2249
COFFEE FILTERS	3	1439
YEAST: DRY	2	309
FOOD STORAGE BAGS	3	1555
LIQUEURS/SPECIALTIES (42 UNDER	2	290
DIET CONTROL TABLETS/CAPSULE	2	128
ORIENTAL NOODLES RICE	3	346
RAZORS AND BLADES	3	2073
TEA BAGS HERBAL & FLAVORED	3	1475
ORANGES NAVELS ALL	4	4295
PURE EXTRACTS	3	493
INDOOR FLOODS AND SPOTS	2	215
PANCAKE MIXES	3	1747
TEA BAGS & BULK TEA (SUPPLEMEN	2	186
NECTARINES YELLOW FLESH	3	1136
CHILDREN S ACTIVITY	3	629
APPLICATORS	2	284
FLUID MILK	3	1177
SELECT BEEF	4	3344
SHAMPOO	4	5031
SW GDS:COFFEE CAKES	3	888
SOFT DRINKS CAN NON-CARB (EXCE	3	1636
BATHROOM CLEANERS - GENERAL	3	1089
MELON HALVES/QUARTERS	3	2247
ECONOMY - MEAT	4	3985
HAND AND BODY LOTIONS	3	1004
DAIRY CASE CITRUS PNCH/OJ SUBS	3	1779
KITS	3	1046
CARROTS SLICED/SHRED/STICKS	2	314
AGE RESTRICTED DVD S	2	132
SHOE CARE: LACES/POLISH/CLOT	2	263
BODY WASH	3	2461
BANDAGE/TAPE	3	924
PREP FD: SIDE DISHES (HOT)	3	2323
MEAT: TURKEY BULK	4	7549
PROPHYLACTICS	2	258
RODENTICIDES	2	81
SANDWICH SAUCE	3	1456
PROMOTIONAL	2	176
BABY FOOD CEREALS	3	1036
PEDIATRIC ANALGESICS	3	668
MEAT: TURKEY PPK/PRESLC	3	349
MEAT: BEEF PPK/PRESLCD	2	135
PEACHES YELLOW FLESH	3	2363
REGULAR BEAN	3	727
TOMATOES CHERRY	3	727
ICE - CRUSHED/CUBED	3	2276
VEGETABLE SALADS - BULK	3	919
MOUTHWASH RINSES AND SPRAYS	3	1675
HAM - STEAKS/SLICES/CUBES	2	184
DRY CAT FOOD ECONOMY (COST CUT	3	605
CAN CATFD GOURMET/SUP PREM (GR	4	3964
CANNED CAT FOOD (9 LIVES/FRISK	4	7407
FACIAL SOAPS-SCRUBS-MASKS	3	1065
SEAFOOD-MISC-BREADERS/BTR MIX	3	453
CANDY BARS MULTI PACK W/FLOUR	3	765
SOFT DRINKS 6PK/4PK CAN CARB (	4	3223
CAN DOGFD GOURMET/SUPER PREM (	3	2027
FLORAL DEPT KEY RING	2	124
SINUS AND ALLERGY	3	1064
FRZN CONC UNDER 50% JUICE	3	1280
PLAYBALLS	2	202
PANSIES	2	38
BREAD:SWEET/BREAKFAST	3	428
PEG TOYS	3	424
SEASONAL CANDY BOX NON-CHOCOLA	3	598
PIZZA/SINGLE SERVE/MICROWAVE	3	1239
DIPS (NON-REFRIGERATED)	3	2986
SPECIALTY COOKIES	3	2027
RIPE OLIVES	3	1552
OLIVE OIL	3	1266
VALUE	3	1809
AUTO DISH DETERGENT - MONODOSE	3	651
COOKING BAGS WITH SPICES/SEASO	3	486
AUTOMATIC DISHWASHER DETERGENT	3	724
FALL & WINTER SEASONAL	2	56
MISC SNACKS	3	1090
FROZEN ENTREES	3	524
SALADS CND (BEAN POTATO)	2	67
CAN DOG FOOD (SKIPPY/PEDIGREE/	3	3078
HONEY	3	906
DOG TREATS (SOFT TREATS)	3	1843
FRZN CONC ALLIEDS OVER 50% JUI	3	545
EGGS SUBSTITUTE	3	967
FRZN BISCUITS	3	569
COOKING BAGS	3	364
SCOURING PADS & CLOTH	3	753
CARROTS BAGGED	3	1578
FROZEN MEAL COMBO/DINNERS	2	126
BEETS	3	758
BROTH	4	3628
SINGLE STEMS	2	264
BUNCHES 2-4 STEM (OTHER)	2	63
ENHANCED FLOWER DISPLAY	2	117
SANDWICH BAGS	3	1978
GENERAL PURPOSE BULBS	3	470
CHIX: VALUE ADDED (HOT)	3	682
SEASONAL	3	530
SUPER PREMIUM PINTS	3	2505
NON-MEATS - OTHER	3	377
ORGANIC VEGETABLES SALAD	3	342
MICROWAVABLE SOUPS	3	1030
LIPCARE	3	980
SV BEV: BEV/JUIC 10-50% JCE	2	113
BALLOONS 18IN PKG NON LICENSED	2	117
PIE FILLING MINCEMEAT GLAZES	3	1000
ROLLS - FLAVORED/OTHER	3	908
BATH ACCESSORIES	3	386
STRING CHEESE	4	4041
INSTANT COFFEE REGULAR	3	608
IMITATION EXTRACTS	3	334
PARTY EVERYDAY	3	669
CAKE DECORS - BIRTHDAY CANDLES	3	531
CAKES:BIRTHDAY/CELEBRATION LAY	2	63
JUICE (100% JUICE)	2	271
OTHER	3	978
TORTILLA CHIPS	3	849
MISC DAIRY REFIGERATED	3	726
NUTS INSHELL	2	148
COLOR SETS	2	96
MUSHROOMS W/WHOLE PKG	3	1835
LOAVE	3	1035
EGGS - JUMBO	3	934
VEGETABLE PARTY TRAY	2	249
FRUIT PARTY TRAY	2	36
HAND/BODY/FACIAL (MEDICATED)	2	85
INTERNAL	3	406
CHICKEN WINGS	3	1387
ORGANIC CITRUS	2	119
CHICKEN DRUMS	3	2197
SOFT DRINK BOTTLE NON-CARB (EX	3	2034
BREAKFAST CRYSTALS	2	109
AVOCADO	3	1597
ROLLS - PORK	4	4351
DAIRY CASE FRUIT DRINKS (NO JU	4	3416
RED	3	661
FLNK/PLT/SHNK - STK/CHP/SLC	2	83
JUICE (UNDER 10% JUICE)	3	1749
POTATOES SWEET	3	845
CAKES: ANGEL FDS/CKE ROLLS	3	701
OTHER CITRUS JUICES (50% AND U	3	399
GRAPE JUICE (OVER 50% JUICE)	3	1472
SAUERKRAUT	3	912
CHICKEN BREAST BONE IN	3	3048
ONIONS YELLOW (BULK&BAG)	3	2976
BREADINGS  COATINGS CRUMBS	3	1848
SW GDS: SW ROLLS/DAN	3	1620
CARDS SEASONAL	3	2301
FLAVORED/OTHER	3	868
FACIAL CREAMS	2	266
NUTS OTHER	3	645
SHAVE CREAMS AND POWDERS	3	1416
DRIED FRUIT - OTHER	3	1462
PECANS SHELLED	2	292
SMALL ANIMAL NEEDS	2	233
SCOOP LITTER	3	1417
LITTER ACCESSORIES	3	407
ORIENTAL SOY SAUCE	3	722
MEAT SUPPLIES	3	964
PARTY SEASONAL	2	306
AIR CARE - RUG	2	271
MALTED MLK/SYRUP/PWDRS (EGGNOG	3	2507
REFRIGERATED PICKLES	3	341
POTATOES SWEET&YAMS	3	2135
ONIONS RED (BULK&BAG)	3	1724
BAKING NUTS	3	1814
SPINACH & GREENS	3	1537
PAPER NAPKINS	3	2787
FROZEN PASTA	3	767
NON-IWS SINGLE CHEESE	3	1207
HARDBACK/TRADE EVERYDAY	3	396
SNACK NUT(BAG)	3	1088
SNACK CAKE - SINGLE SERVE	3	981
CARROTS - BULK	3	713
SMOKED OFFAL	3	537
ONIONS WHITE (BULK&BAG)	3	2662
PREMIUM COOKIES (EX: PEPPERIDG	3	1819
MIXERS(CLUB SODA/SELTZERS)FLAV	3	939
GRND/PATTY - ROUND	2	144
ROLLS: DINNER	3	2003
HERBS PARSLEY	3	661
ANTIPERSPIRANTS ONLY (ALL OTHE	3	1555
FROZEN FRUIT	3	1456
BABY SPRING WATERS	2	240
OTHER CITRUS JUICES (OVER 50%	2	234
APPLES WEDGE/SLICES	3	326
BEVERAGE WINES	2	315
MARINATED POULTRY	2	152
CRANBERRIES	2	132
RICE CAKES	3	1427
WOMENS  HAIR SPRAYS	3	774
NON-CARB FLVRD UNSWEETENED WAT	2	47
BEEF STEW	3	528
WATER FILTER	2	98
TABLE SALT POPCORN SALTICE C	3	1170
CORN WHITE	3	583
FIGHTING VARIETAL WINES	3	969
ROLLS: CROISSANTS/BREADSTICKS	3	495
POTATOES RED (BULK&BAG)	3	2344
CROUTONS	3	505
DRIED FLOWERS	1	13
RIBS - COUNTRY/WESTERN STYLE	3	339
GRND/PATTY - SIRLOIN (90%+)	2	170
MARSHMALLOWS	3	1903
SMOKED/COOKED - BEEF	3	869
INSTANT TEA & TEA MIX (W/SUGAR	2	142
CHOCOLATE COVERED COOKIES	3	1642
OFFICE PAPER	2	179
TOFU	3	389
FROZEN PACKAGE MEAT	2	149
PATTIES - RAW	3	1171
MARSHMALLOW CREME	3	393
INSTANT COFFEE FLAVORED W/SWEE	3	673
RADISH	3	819
DRY ROAST NUTS	3	1060
GRITS	3	612
TREATS	3	767
BABY SOAPS	3	619
CANDY	2	48
LOREAL COSMETICS	3	478
HEALING GARDEN	2	62
REFRIGERATED PASTA	3	589
PIZZA SAUCE	3	971
HERBS BASIL	2	104
MARINATED PORK	2	302
HERBS AND EDIBLES	1	18
REFRIGERATED PASTA SAUCE	2	218
CHOCOLATE SYRUP	2	41
COTY FRAGRANCES	1	6
CAKES - OTHER	3	347
TANGERINES & TANGELOS	3	541
PINEAPPLE WHOLE&PEEL/CORED	3	899
PREMIUM PERENNIALS (OUTDOOR)	2	313
CORN DOGS	3	1385
BISCUIT FLOUR & MIXES	3	839
FRZN BAGELS	3	528
BOTTLE DEPOSITS	2	95
SAL:SALSA/DPS-PRPCK	3	1451
WHOLE HENS (UNDER 15LBS)	2	272
ALKALINE BATTERIES	3	2173
GIFTWARE/DECOR	2	41
ULTRA PREMIUM WINES	2	211
PREMIUM 750ML WINES	3	974
PEPPERS JALAPENO	3	485
VITAMIN - INDIVIDUAL	3	410
SEAFOOD-FRZ-RW-ALL	3	771
SEAFOOD-FRE-MISC	3	326
CAKES: LAYERS	3	1055
REFRIGERATED COOKIES-BREAK N B	3	1355
CEREAL - COLD	3	1474
FROZEN BREAD	2	90
GROUND CHICKEN	2	184
DIET CNTRL LIQS NUTRITIONAL	3	802
FROZEN DESSERT (ICE CREAM CAKE	1	18
JHOOK - PERSONAL CARE	2	93
PRE-COOKED	3	1225
INFANT FORMULA SPECIALTY	2	286
FRZN BREAKFAST ENTREES/SANDWIC	4	3335
HOSE END FERTILIZERS	1	13
FOLIAGE HANGING BASKETS	1	19
ALL CAMPING ACCESSORIES	1	29
THERMOS	2	116
DIECAST MINI	3	487
BREAKFAST BARS/TARTS/SCONES	2	118
CHEESE: NATURAL PREPORTND	3	1271
ORGANIC HERBS	3	767
DINNER ROLLS	3	1359
MIXERS(TONIC WTR/CLUB SODA/GNG	3	476
ALL UNDERWEAR	2	59
ADULT INCONTINENCE UNDERGARMEN	2	207
NO-NONSENSE	2	246
TEA CAN WITH SWEETENER/SUGAR	3	618
PITA/TORTILLAS	3	322
BABY WIPES	3	2381
LIMA BEANS	2	230
FLOOR - HARD SURFACE	2	206
COUPONS/STORE & MFG	3	417
PIES: FRUIT/NUT	3	1676
POPULAR 750ML WINES	3	1397
TRADITIONAL VODKA	2	45
CORNED BEEF	2	109
PREP FD: PIZZA (COLD)	3	438
SEAFOOD-FRZ-MISC	3	502
SOY BEVERAGE	3	348
SALMON	3	933
ADULT PREMIUM	3	957
MISC: HERRING PICKLES HORSER	2	308
MIXED PACKS	1	8
ASEPTIC MILK	2	136
PACKAGE DINNERS: OTHER	3	681
LARGE - RICE CAKES	2	207
CHICKEN-FULLY COOKED	3	1199
NON-CARB JCE(OVER 50% JCE)	2	311
FRZN BREAKFAST PASTRY	3	1679
COOKIES/SWEET GOODS	2	212
HONEY/SYRUP	2	51
ASEPTIC MILK & MILK DRINKS	2	271
CANDY/CHOCOLATE	3	556
ANIMAL-MAGAZINE	1	17
CHARCOAL	3	1049
GREAT GIFTS	2	107
BUSINESS&FINANCE-MAGAZINE	2	38
CAT TREATS	3	860
DISH GARDENS	1	31
CHIX:VALUE ADDED (COLD)	3	731
SPORTS-SPECTATOR-MAGAZINE	2	97
FLOOR - CARPET & UPHOLSTERY	3	457
DL SPEC: SAUCES/SLD DRESSINGS	2	85
TREATED CLEANING CLOTHS	2	62
PREP FD: SIDE DISHES (COLD)	3	339
DRY DOG VALUE (PET PRIDE/KLR/G	3	562
TRADITIONAL VODKA(42 UNDER PRO	3	427
NOVELTY FIREWORKS	2	74
TOMATOES WHOLE	3	475
BREAD:TORTILLAS/PITA	3	608
MICROWAVABLE CUPS	3	1949
STIR FRY/STRIPS/FAJITAS	3	409
PAPERBACK BEST SELLER	2	244
SCHOOL SUPPLIES	3	591
COCONUT	2	280
CIG LIGHTERS/LTR FLUID/PIPES	3	417
FOOD COLORINGS	2	154
STANDARD FOLIAGE PLANTS	2	58
POPCORN - OTHER	2	280
DECOR BULBS	3	417
FRUIT FILLED COOKIES	3	608
CANDY & BREATH MINTS (PKGD) (N	2	259
SALAD SPINACH	3	1416
IMPLEMENTS SETS	3	564
DIPS	3	1594
POTATOES WHITE	3	598
MOUTH SORE MEDICATED	2	106
BLENDED JUICE&COMBINATIONS (OV	3	2306
GRND/PATTY - BEEF	3	362
MIXED VEGETABLES	3	800
SEAFOOD-FRE-CATFISH	3	356
KABOBS PORK	2	123
DRAIN CARE	3	508
JHOOK - HOUSEHOLD	2	91
POTATOES OTHER	3	1439
SW GDS: SPECIALTY DESSERTS	2	179
ELECTRONIC GIFT CARDS REFRESH	1	15
MEXICAN PEPPERS CHILIES	3	645
RICOTTA CHEESE	3	750
TROPICAL FRUIT - OTHER	2	199
CHIX: BAKED 8PC CUT UP (HOT)	2	243
AUTHENTIC THAI FOODS	3	337
VIENNA SAUSAGE	3	794
ONE HOUR PROCESSING	3	501
EXTERNAL	2	184
SW GDS: PUFF PASTRY	2	284
DENTAL FLOSS AND IMPLEMENTS	3	664
*SPORT NOVELTIES	1	11
FOOD-MAGAZINE	2	301
CANS SOUP/CHILI	2	166
CUT FRUIT ALL OTHER	2	219
AUTHENTIC INDIAN FOODS	2	64
BABY LOTIONS & OILS	2	303
YOGURT	3	1325
ANTI-ACIDS	3	1771
CANNING JARSLIDSUTENSILSMIS	2	129
SNACKS: CRACKERS/COOKIES	2	246
GROUND DECAFFINATED	3	610
METAL BAKEWARE	3	601
JHOOK - HOUSEWARE	3	384
PEANUTS ALL	3	506
ALMONDS SHELLED	3	426
SEAFOOD-FRZ-RAW FILLETS	3	1881
MISC.CND SEAFOODS (CRABETC)	3	394
MUSHROOMS PORTABELLA	3	1238
INSTORE CUT VEGETABLES	3	661
PEPPERS OTHER BELL	3	647
PANTRY	3	922
ORGANIC ONIONS	2	128
BAKING CUPS	3	472
YELLOW SUMMER SQUASH	3	487
CANDY BOX NON-CHOCOLATE	2	139
GELATIN	3	2501
ORGANIC APPLES	3	381
CORN BEEF	2	71
MISCELLANEOUS PACKAGE MIXES	3	1383
PREMIUM HARDY MUMS (OUTDOOR)	2	51
SNACKS: DRY	3	673
HEMORRHOIDAL	2	103
SEWING NOTIONS	2	191
FRZN BOXED VEGETABLES - PLAIN	3	1847
PUMPKINS	2	189
MEAT: SAUS DRY PPK/PRSLC	3	425
FRUIT GLAZES	2	260
PIE CRUST MIXES & SHELLS	3	802
APPLES BRAEBURN (BULK&BAG)	3	499
CENTRAL AMERICAN FOODS	3	369
CONSUMER BUNCH (NON-ROSE)	2	147
NASAL SPRAY AND DROPS	2	312
LIQUID NUTRITION FOR ADULTS	3	564
TABLOIDS-MAGAZINE	3	675
FROZEN BURGERS	2	108
SOLID/STK DEODORANTS	3	2205
VEGETARIAN MEATS	3	534
TAPE & MAILING PRODUCTS	3	1122
ENHANCEMENTS & POTCOVERS	2	96
MOPS: SPONGE DECK DUST	2	253
GLASS CLEANERS	3	705
TV/MOVIE-MAGAZINE	3	2762
OTHER HOT CEREAL	3	539
DRY SOUP	3	2333
MOTOR/TRANS/MISC OIL	2	184
MISC	3	332
BOXED PREPARED/ENTREE/DRY PREP	2	190
FRZN MEAT ALTERNATIVES	3	1366
FROZEN MEAT (VEGETARIAN)	3	414
CUPS	2	100
CANDLES SEASONAL	3	481
COCKTAIL MIXES-FLUID:ADD LIQ	3	521
QUARTS	3	469
BREAST - BONELESS	2	129
GROUND FLVR REG COFFEE	3	722
BEANS	3	1406
GLASS BAKEWARE	2	173
HAIR COLOR AND DEVELOPERS	3	1023
DECAF BEAN: REGULAR	2	69
WAX PAPER & FREEZER PAPER	3	362
COOKWARE	2	110
TOMATOES COCKTAIL	3	447
CANOLA OILS	3	1295
PIES: TARTS/MINIS/CRSTDAS	2	165
SW GDS:MUFFINS-LSS THN 6	3	366
POINSETTA	1	27
BRUSHES	3	458
ABRASIVES	3	596
REVLON	3	556
MEAT SNACKS	3	736
FRZN BREAD DOUGH	2	210
MISC. COOKNG/BKNGWARES	2	58
AUTHENTIC PEPPERS	2	259
MEAT INCLUDED	3	940
FINISHED ELECTRICAL	2	113
STUFFED/MIXED BEEF	3	389
BUTTERMILK	3	950
CARNATIONS	1	23
PREP FOODS: SOUP - COLD	2	176
NOZZLES/HOSE ENDS	1	18
SEAFOOD-FRE-RAW FINFISH-OTHER	3	1192
PRODUCE DEPT KEY RING	3	690
OFFALS	2	199
SPECIALTY CHIPS (SOY CRISPS/PI	3	355
LOIN - STK/CHP/SLC	3	547
TAMALES (STOCKED N/CANNED MEAT	2	83
PROFESSIONAL HAIR CARE	2	266
FRZN REGIONAL/OTHER	2	80
FRZN NON-DAIRY CREAMERS	2	63
REFRIG PIZZA&INGRED  N/MEAT DE	2	166
FRZN BURGERS/BBQ/MEATBALL	3	941
SOLID SHORTENING	3	735
SARDINES	2	278
CIGARS	2	160
CHEESE:SPECIALTY BULK	3	408
AIR CARE - CANDLES	3	742
SCHOOL PAPER	3	861
BINDERS & PORTFOLIOS	3	317
VHS VIDEO	1	19
DVD S	2	256
KEFIR	2	97
PREMIUM - BEEF	3	1427
ANTIFREEZE	2	201
INSTANT DECAFFINATED	2	150
TAPE	2	165
VITAMIN - HERBAL SUPPLEMENTS	2	188
FROZEN CREAM PIES	3	750
PLASTIC WRAP (SARANETC.)	3	709
SINUS/ALLERGY - PSE	2	280
DRY CAT FOOD SUP PREM (ONE/NUT	3	630
CAKES: SHEET	3	377
PAPAYA	2	53
MAIN MEAL BREAD	3	1177
FROZEN BREAKFAST	2	200
MEAT: PATES/MOUSSE	2	136
FRUIT VARIETAL WINES	3	388
ORGANIC PEARS	1	25
NON-DAIRY CHEESE	2	148
ORANGES NON NAVEL ALL	2	291
DANDRUFF-MEDICATED SHAMPOOS	3	505
CAKES: ICE CREAM	2	218
GIFT-WRAP EVERYDAY	3	1238
RINSE AIDS AND ACCESSORIES	3	404
POWER TOOTHBRUSH/REFILLS	2	222
PRUNE JUICE (OVER 50% JUICE)	3	336
PINEAPPLE JUICE (OVER 50% JUIC	3	361
BABY ANTIBIOTIC OINTMENTS & CR	2	165
BRSKT/BRST/BLY - WH/HALF	1	15
PAILS	3	1134
ADDITIVES/FLUIDS	2	113
CHEESE:PROCESSED PREPORTND	2	283
DRY DOG ECONOMY (COST CUTTER/F	2	222
BOURBON/TN WHISKEY	2	41
BOUILLON	3	782
COSTUMES	2	43
SOFT LENS - NON CHEMICAL	2	254
HOME DECOR-MAGAZINE	2	89
SUNTAN PROD W/SPF LOTION/OIL	2	286
MISC. FACIAL PRODUCTS	2	32
PEACHES WHITE FLESH	2	177
TICKETS	3	679
CHERRIES RANIER	2	204
STUFFED/MIXED PORK	2	148
STUFFED/MIXED POULTRY	1	29
MISC CHEMICALS	2	172
HOT DOG CHILI SAUCE	3	1152
ORGANIC BERRIES	2	272
LINAMENTS	3	701
POTTING SOILS	2	48
CHIX: CHICKEN DINNERS/SNACKS H	3	352
ORGANIC TROPICAL FRUIT	3	549
CAKE DECORS & ICING	3	1242
MEAT - CAN/POUCH	2	34
CANDY BOXED CHOCOLATES W/FLOUR	2	135
SEAFOOD-FRZ-IQF COOKED SHRIMP	3	627
STANDARD 10-15 STEMS	2	78
VALUE GLASS WINE	3	564
FRZN BRD WHOLE FILLETS	3	357
GRILL ACCESSORIES	2	225
GROUND TOOLS	1	12
BROCCOLI/CAULIFLOWER PROCESSED	2	224
BABY POWDERS	2	103
ADHESIVES/CAULK	2	185
APPLE JUICE & CIDER (50% AND U	3	442
WATERMELON W/SEEDS WHOLE	2	92
CRANBERRY SAUCE	3	959
PEAS & ONIONS PEAS & CARROT	3	377
SAL: DESSERTS-BULK	2	120
ORGANIC GRAPES	2	127
BOURBON/TN WHISKEY (42 UNDER P	2	171
FORTIFIED/ENERGY WATER	2	168
MOTORCYCLE-MAGAZINE	2	60
HAMS-HALF/PORT BONE-IN	2	226
GARDEN-MAGAZINE	2	64
POTPOURRI INCENSE	2	140
ELSTC BNDGES SUPRT HOSE	2	152
HYDROCORTIZONE	3	338
ORGANIC VEGETABLES ALL OTHERS	3	837
ORGANIC CARROTS	3	926
CIDER	3	423
ETHNIC-MAGAZINE	2	156
GAS CANS AND FUNNELS	1	23
CAMPING APPLIANCES	2	42
CAN DOG FOOD RATION (TRIX/VETS	2	259
CHILDRENS LOW END	3	424
ISOTONIC DRINKS POWDERED	2	229
FANS	1	27
CONDIMENTS/SUPPLIES	3	424
TOPPING MIXES WHIP TOPPING	1	25
NAILCARE	3	402
GAMES	2	167
GIFT BASKETS BEER	1	6
SOIL & STAIN REMOVER	3	889
CORNISH HEN	2	196
CORN YELLOW	3	1780
OTHER ITALIAN SAUCE	2	139
HANGERS	2	127
HAIR DRYERS STYLERS SETTER	2	125
HAIR COMBS AND BRUSHES	3	340
CB (NON ROSE)LILY	2	37
SHOWER CURTAINS	2	43
QSR FD: COLD PIZZA	2	115
TOMATO PUREE & ASPIC	2	182
CROSSWORDS/PUZZLES-MAGAZINE	3	449
PHOTO ALBUMS	1	13
WHOLE - HENS (15 LBS & UNDER F	2	140
GIFT TAGS	1	25
FEM. HYGN. DEODORANTS	1	29
LOIN - CHOPS BONE-IN	3	561
FROZEN VEGETABLES	3	432
TEA BAGS (SUPPLEMENT)	2	152
CALGON	2	53
BAKING POWDER & SODA	3	917
FACIAL LOTIONS	2	187
READING GLASSES	2	67
ORGANIC DRIED FRUIT	2	53
JHOOK - TOYS	2	183
FRZN PIE SHELLS PASTRY SHELL	3	702
MENS BASIC SPORT SOCKS	1	19
CHEESE	2	95
OVERNIGHT PROCESSING	2	191
FASTENERS	3	569
MESSAGE CENTER/SIGNING	2	233
AUTHENTIC VEGETABLES AND FOODS	2	92
MISC. LAWN & GARDEN	2	57
HOBBIES-MAGAZINE	2	58
GENERAL USE/MISC	1	22
STANDARD OATMEAL	3	1367
GRANOLA	2	189
TOMATO JUICE (OVER 50% JCE)	3	1045
MISC. SEASONAL ITEMS	2	151
FM-MLB	2	40
SUPER PREMIUM WINES	2	197
AMERICAN EXPRESS GIFT CARD	1	16
ASCEPTIC	2	86
GRAPEFRUIT JUICE (OVER 50% JUI	3	324
CARBONATED WATER - UNFLAVORED	2	210
TURKEY BREAST BONE IN	2	247
SEAFOOD-FRZ-IQF RAW SHRIMP RW	3	1616
PIES: CREAM/MERINGUE	3	348
FRZN OJ&OJ SUBSTITUTES (OVER 5	3	777
FROZEN PIZZA	2	224
VEGETARIAN MISC	1	31
HASH: CANNED	3	357
HAM STEAKS/CUBES/SLICES	3	336
DRIED PLUMS	2	202
TEA UNSWEETENED	2	163
SALAD: LETTUCE	2	110
CHILI SAUCE COCKTAIL SAUCE	3	394
FITNESS&DIET-LIQ NTRTNL	2	60
MISC. FIRST AID PRODUCTS	3	368
INSTANT COFFEE FLAVORED NO SWE	3	885
SPECIAL EVERYDAY	3	335
LADIES SPORT SOCKS	2	137
SOFT DRINKS SINGLE CANS CARB (	2	227
CHIX:FRD 8PC/CUT UP (COLD)	2	206
PROMO	2	47
METAL POLISH&RUST REMOVERS	2	105
SALT/WATER CONDITIONERS	2	121
DRAIN CLEANING	2	37
TOOLS - BATHROOM & TOILET	3	434
VAPORIZERS	2	128
VALENTINE PLUSH	2	109
FRZN PASTRY&COOKIES	2	177
SEASONAL CANDY BOX-CHOCOLATE	3	427
PREP FD: ENTREES (COLD)	2	298
SPECIALTY WILD BIRD/SUET	2	75
COLD AND FLU - PSE	3	558
WHOLE - TOM (16 LBS & OVER FRZ	2	51
MISC CND MEATS	2	106
MIXERS(TONIC WTR/GNGR ALE)FLAV	2	315
FRZN EGG SUBSTITUTES	1	21
FLATS	2	113
PLATINUM HARDY MUMS (OUTDOOR)	2	41
MUSHROOMS WHITE BULK	2	103
TOOL SETS	2	57
SPECIALTY FOOTWEAR	1	15
PICKLE ITEMS	2	148
INTERIOR/EXTERIOR ACCESSIORES	2	155
PLASTIC/HEAVY PAPER PREM PLATE	3	1152
CAKES: BIRTHDAY/CELEBRATION SH	3	406
SPECIALTY LAUNDRY	3	324
FRZN BAKED/STUFFED/MASHED&SPEC	3	481
FRZN GRILLED PORTIONS	2	277
CARAMEL COATED SNACKS	3	337
RIBBONS AND BOWS	2	200
CHRISTMAS	1	19
BEDDING ACCESSORIES	2	63
MEAT ADDED	2	119
PREMIUM POINSETTIA	2	42
GROUND PORK	2	281
SEAFOOD-FRE-LIVE SHLFSH-OTHER	2	284
COMPACT FLUORESCENT LIGHT BULB	2	56
MEDIA TAPE/BATTERIES	2	45
HAMS-HALF/PORT BONELESS	2	310
NOVELTIES	2	271
BLENDED WHISKEY(42 UNDER PROOF	2	42
MISC. HAIR & BEAUTY ACCESS.	3	328
COFFEE	1	24
CAKES: CNDLES/RETL ACCSS	2	295
SEASONED POULTRY	2	306
EGGS	3	353
BABY DOLL ACCESSORIES	1	20
VALENTINE GIFTWARE/DECOR	2	213
BRIDAL-MAGAZINE	2	71
DRIED FRUIT	2	155
CORN FRESH PACKAGED	3	367
TEEN-MAGAZINE	2	209
AUTHENTIC JAPANESE FOODS	3	493
VACUUM BAGS	2	34
COLD AND FLU (AGE RESTRICTED)	2	69
PRODUCE DISCONTINUED ITEMS	2	217
VARIETY MEAT - CUBE/STW/STRP	2	189
WOMENS/GIRLS HOSIERY	1	30
SMALL ACCESS COLD WEATHER	1	17
MISC CHECKLANE CANDY	2	61
RIB - SPARE RIB/BACK RIB	2	40
KIDS/FAMILY	2	195
SPORTS-PARTICIPATORY-MAGAZINE	2	118
ALMAY	2	236
KITES	1	12
INSTANT BREAKFAST	2	287
LEMON JUICE & LIME JUICE (OVER	3	468
SPECIALTY CAKE	2	277
DECAF BEAN: FLAVORED	1	15
CANDY REFRIGERATED	2	303
SMOKED/COOKED - BETTER FOR YOU	3	578
ECONOMY - BEEF	2	153
LUNCHEON MEAT	3	322
GENERAL EYE CARE	3	345
SOFT LENS - CHEMICAL	3	329
CARPET CLEANERS	2	132
PISTACHIOS	2	179
SEAFOOD-FRE-SHRIMP	2	57
HAMS-SPIRAL	2	140
LABELS/POST-IT/INDEX CARD	2	285
MEDICATED BABY POWDER	1	12
DESK ACCESSORIES	1	6
ROPE AND CHAIN	1	20
CAKES: CREME/PUDDING	3	423
SMOKING CESSATION	2	64
VENDING SIZE/SNGL SERVE CRACKE	3	480
CITRUS - OTHER	2	32
FLANK	2	203
INFANT FORMULA TODDLER	2	191
WHITENING SYSTEMS	2	150
SW GDS: SWT/FLVRD LOAVES	3	451
SINGLE SERVE/MULTI-PK CKTLS <=	2	38
GRAPE JUICE (50% AND UNDER JCE	2	136
PREMIUM FLOWERING PLANTS	2	102
MICROWAVE	3	710
CHEWING TOBACCO	1	18
ELECTRONIC GIFT CARDS ACTIVATI	2	108
COOLERS	2	195
UNBREAKABLE TABLETOP	2	66
INSTANT TEA & TEA MIX	3	346
FEM HYGN DOUCHES	2	204
SEASONAL/NON-BASIC MERCH	2	150
CHILDREN-MAGAZINE	2	35
INTERIOR/EXTERIOR CARE	2	137
SPRING/SUMMER SEASONAL	2	48
TURKEY BREAST BONELESS	2	265
APRICOTS	2	224
TOILET BOWL AUTOMATIC	3	339
AMMONIA	2	98
TURKEY DRUMS	2	123
ORGANIC BROCCOLI/CAULIFLOWER	2	215
JARRED FRUIT	2	192
MENS ACTIVEWEAR ADIDAS	2	84
SINGLE USE CAMERAS	3	496
HOME PLANS-MAGAZINE	2	156
SNACKS: SALTY	3	552
FIREWOOD	3	406
LIGHTS/ELECTRICS	2	75
GROUND FLVR DECAF COFFEE	2	252
HAIR NETS AND CAPS	1	17
CUTLERY	1	6
MISC BUDGET COSMETICS	2	112
LOIN - WH/HALF BONE-IN	1	22
CRACKERS	2	156
NATURAL FOODS LAUNDRY	1	23
HONEYDEW WHOLE	2	285
PREMIUM 16-24 STEMS	2	61
AGE RESTRICTED SPHE $9.99	2	44
CONTINUITY: FRAMES	2	220
HAM - BONELESS WHOLE	2	36
MISC REPAIR	2	86
ROSE CONSUMER BUNCH	3	324
STANDARD MUMS	1	31
COOKED	2	155
FRZN BREADED VEGETABLES	2	233
MISC HOLIDAYS	3	317
AEROSOL DEODORANTS	3	415
MISC GRAIN MIXES	2	220
VALENTINE TRAY PACK CARDS	2	227
GIFT-WRAP SEASONAL	2	101
DOLLAR DAYS	2	224
SW GDS: PUFF PASTRY-LESS THAN	3	335
PROPANE EXCH	2	52
TEA BOTTLES WITH SWEETENER/SUG	2	105
LRG VEHICLE	1	17
POTATOES PROCESSED	2	102
SPHE DVDS	1	26
ORANGE JUICE  (OVER 50% JUICE)	2	98
FRUIT BASKETS	1	15
PIZZA MIX DRY	3	435
DOMESTIC BIRD FOOD/NEEDS	2	72
MUMS	2	125
GLASS FOOD STORAGE	2	36
WHOLE TOMS (OVER 15LBS)	2	131
MENS SKIN CARE/COLOGNE	2	277
NON-CARB JCE (UNDER 50%JCE)	2	61
ACTIVITY	2	141
POPULAR 1.5LT WINES	3	318
SALT SUBSTITUTES	2	108
CRANBERRY JUICE (OVER 50% JCE)	2	298
BEANS WAX SHELLIES	2	287
DELI TRAY:MEAT AND CHEESE	2	254
MISC. PET SUPPLIES	2	68
RIB - STK/CHP/SLC	2	149
SEAFOOD-MISC-SPICES	2	50
PEAS FRESH PACK CROWDER	2	144
BROTHS	2	135
SELECT 6-9 STEMS	2	69
AUTOMOBILE-MAGAZINE	2	167
GOURMET CHIPS (TERRA)	2	115
SEASONAL PRESHCOOL	2	108
*PURSES UMBRELLAS	1	14
ART SUPPLIES	2	67
POPCORN	2	41
NUT BUTTERS/PEANUT BUTTER	2	56
DAIRY CHEESE	2	173
PLUOTS	2	124
PEARS OTHER	1	28
FASHION PLAY	2	76
BOUQUET EVERYDAY MUSICAL	2	196
CANDLES ACCESSORIES	2	68
CANDY BAGS-CHOCOCLATE W/FLOUR	3	490
COOKIES: GOURMET	2	98
MEAT: HAM PPK/PRSLC	2	247
SCHOOL INSTRUMENTS	1	18
BAKING COCOA	2	233
MICROWAVE MIXES: ALL OTHER	2	67
FITNESS&HEALTH-MAGAZINE	2	258
NUTS	2	108
FROZEN SIDE DISH (MAC&CHS)	2	51
CENTRAL SUPPLIES	1	19
WHOLE HEN (UNDER 15LBS)	2	53
FM-COLLEGIATE	1	16
PROMO/ENDCAP	2	62
FRAGRANCED BATH PRODUCTS	2	82
PAPERBACK BOOKS	3	480
VITAMIN - NON HERBAL SUPPLEMEN	3	323
BOXED ORNAMENTS	2	49
PIMENTOS	2	117
MENS HANES UNDERWEAR	1	16
EAR CARE	2	74
TOMATOES-OTHER	2	75
MINUET	2	272
WALNUTS SHELLED	2	186
FOOT CARE - MEDICATED CORN/CAL	2	141
ETHNIC HAIR CARE	3	324
COSTUME ACCESSORIES	2	71
NON-ALCOHLIC WINES	1	6
PEARS ASIAN	2	80
SEAFOOD-FRZ-IQF RAW SHRIMP EXA	2	113
SHLDR - STK/CHP/SLC	2	206
VARIETY MEAT - INTERNAL	2	199
ACNE MEDICATIONS	3	475
HOT/COLD COMPRESS PACKS	2	136
SNACK MEAT	2	189
CALENDAR	2	35
MENSTRUAL ANALGESICS	2	140
ADULT INCONTINENCE PADS	2	102
PARTY TRAYS: ROLLS	2	58
WEATHERIZATION	2	245
BONNE BELL	2	93
MISC. HAIR CARE	1	27
MARASCHINO CHERRIES	2	306
PREP FD: PIZZA (HOT)	1	26
BABY CREAMS & OINTMENTS	2	145
COLLEGIATE	2	187
MIXED FRUIT BAGS	2	74
REGIONAL-MAGAZINE	2	102
DL SPEC: DRY/REFRIG PASTAS	2	272
LADIES SANDALS	1	26
ITALIAN WINES	3	483
KOSHER FOODS	3	321
VASES&CONTAINERS	2	47
DELI TRAY:SANDWICHES	1	27
OFFICE SUPPLIES	1	8
DELI TRAY:CHICKEN	1	11
LIPCARE MEDICATED	2	104
GLOVES	2	48
BABY CRACKERS	2	85
ANTIPERSPIRANTS ONLY (AEROSOL)	2	183
ROUND/LEG - ROAST	1	7
PATTIES - COOKED	2	174
OUTSIDE VENDORS GIFT CARDS	2	103
WET N WILD	2	79
FILING SUPPLIES	2	70
MENS-MAGAZINE	2	86
APPLE SAUCE/PUDDING	1	17
CLOSET ACCESSORIES	2	153
DRINKS - CARB JUICE (OVER 50%	2	191
BREAD:PARTY BREADS	2	177
HISPANIC JUICE UNDER 50% JUICE	3	562
AUTHENTIC SAUCES SALSA PICAN	2	247
TOMATO JUICE (50% AND UNDER)	2	49
CHEMICALS	2	33
ROLL-ON DEODORANTS	2	69
EXTENSION CORDS	2	105
STIMULANTS	2	68
FIRE STARTERS	2	123
SEASONED	1	6
PREP FD: SEAFD ENTREES (HOT)	1	17
SUNBURN AFTERSUN PRODUCTS	2	39
MISC. BATH PRODUCTS	2	159
PRIME BEEF	1	31
SEASONED BEEF	2	107
JELLIES/PRESERVES/APPLE BUTTER	1	22
SAUCES	2	82
SCHNAPPS	2	32
CEREAL - HOT	2	98
SALSA/DIPS	2	124
ROLLS: BAGELS - LESS THAN 6	2	56
ARTIFICIAL TREES	1	27
SPRINKLERS	1	13
FOOT SPRAYS POWDERS	2	227
TURKEY PARTS SMOKED	2	44
PLATINUM ANNUALS (OUTDOOR)	2	58
BABY TOYS	2	154
SPICES	2	45
BATH BUBBLES-BATH SOAPS-ADDITI	2	284
BOBBY PINS AND ACCESSORIES	2	170
SV BEV: COFFEE DINE IN	2	53
HAM - SPIRAL	2	56
DAFFODILS	1	6
FLEA/TICK COLLAR	2	134
KITCHEN & BATHROOM DISPENSER C	2	260
MATCHES	2	159
RIBS - SPARE RIB/BACK RIB	2	118
TURKEY HALVES/QUARTERS	2	44
CONTINUITY	2	240
AGE RESTRICTED FIREWORKS	2	136
DOG & CAT ACCESSORIES	2	221
MALE ACTION	2	64
EYE CENTER	2	39
WILD BIRD SEED	2	243
SAL:OLIVES/PICKLS-PRPCK	2	140
SLEEPING AIDS	2	228
ALL OTHER IMPORTED WINES	2	175
FRENCH WINES	2	129
PREP FD: ENTREES (HOT)	1	6
BATH	1	13
CHEESE SPREADS	1	11
SWIN/TOYS	2	89
WHOLE HEN (OVER 15LBS)	1	26
COFF SHOP: RETAIL PACK BEVERAG	1	22
CRAFTS/SEWING-MAGAZINE	2	75
CHARCOAL LIGHTER FLUID/UTILITY	3	436
HISPANIC COOKIES/CRACKERS	2	48
GRASS/SHRED	2	74
MUSIC-MAGAZINE	2	125
PREP FD: PORTION PACKS	1	29
FRZN BRD OTHER	2	121
BULK PLASTICS	2	85
MIXES	2	50
PROMOTIONAL BATH	1	24
SINGLE SERVE/MULTI-PK CKTLS	2	103
DVD PLAYERS	1	17
HAND AND BODY CREAM	2	145
TRAIL MIXES	2	71
BULK CANDY	2	77
CHICKEN LEGS/QUARTERS	2	119
INK CARTRIDGES	1	17
FACIAL MOISTURIZERS	2	191
MISC ORAL HYGN MEDICATED (DESE	2	61
SEMI MOIST DOG FOOD	2	63
MEAT:LNCHMT PPK/PRSLC	1	20
SOCIAL STATIONERY	2	87
ALL FABRIC DRY BLEACH	2	141
HOMINY	2	184
MISC. DEODORANTS	2	60
COCKTAIL MIXES-FRZ	2	135
BOUQUET (NON ROSE) ALL OTYHER	2	76
ORGANIC SQUASH	1	30
STANDARD ANNUALS (OUTDOOR)	2	61
MARINATED	2	127
OTHER PRESCHOOL	1	28
RICE BEVERAGE	2	156
GREEN ONIONS	2	84
COOKING WINES	2	132
BARGAIN	1	20
KABOBS BEEF	2	37
HUNTING&FISHING-MAGAZINE	1	31
SINK ACCESSORIES	2	99
PAPER LUNCH BAGS	2	150
STANDARD SHRUBS	1	11
NATURAL	1	22
HERBS FRESH OTHER	2	190
RTD COCKTAILS 750ML PLUS	2	187
SPECIAL SEASONAL	2	86
HANGING BASKETS (BLOOMING)	2	103
SPICES/SEASONING	2	49
PASTA/RAMEN	2	289
FIRSTAID TAPES/COTTON/GLOVES	2	83
SWEET GOODS: CANDY	1	31
CELERY CHOPPED/STICKS	2	150
SOUTH AMERICAN WINES	2	205
BATH BEADS	1	11
BROOMS: PLSTC/NATRL & PATIO	2	106
SEASONAL PLASTICS	2	158
SEAFOOD-FRE-OYSTERS-RAW	1	12
RIB	1	15
JUMBO SHRUBS	1	6
SCIENTIFIC CALC	1	13
CRAZY DAISIES	2	77
NIGHT LIGHTS	2	91
CORN STARCH	2	295
FLYING INSECT	2	123
CHUCK/SHLDR - STK/CHP/SLC	2	107
COOKIES: PARTY	2	76
LOIN - ROAST	2	49
LOIN - WH/HALF BONELESS	2	79
STANDARD FLOWERING PLANTS	2	117
FEMALE CONTRACEPTIVES	2	122
OTHER ETHNIC FOODS	1	15
MACKEREL	2	68
JHOOK - MISC	2	116
WIRELESS PHONES	1	10
PLASTIC TOYS	2	48
HARDBACK/TRADE BEST SELLER	2	182
DENTURE CLEANSERS	2	201
DENTURE ADHESIVES	2	196
PREP FOODS: SOUP- HOT	2	41
ATHLETIC GIFT ITEMS	2	43
UTILITY	2	32
ORGANIC POTATOES	2	100
TRADITIONAL TEQUILA (42 UNDER	2	36
LIQUEURS/SPECIALTIES	1	16
ADULT INCONTINENCE MISC PRODUC	2	137
CAKES: CHEESECAKE	2	186
VITAMIN - MINERALS	3	318
SMOKED CHOPS BONE-IN	2	75
SUNTAN PRODUCTS W/O SPF	1	25
DOG & CAT TOYS	3	435
SHELF LINERS	1	27
WALL HANGINGS FRAMED PICTUR	2	38
HAM - BONE-IN WHOLE	1	17
COOKING OIL: PEANUT SAFFLOWER	2	154
NON FAT DRY MILK	2	75
FRAMES	2	124
LAWN & LEAF BAGS	2	233
LAUNDRY	2	102
OPEN STOCK SHEETS	1	6
BABY FOOD	3	430
SEASONAL CANDY BOX-CHOCOLATE W	2	85
PLATINUM FOLIAGE PLANTS	1	22
TURKEY WINGS	2	92
PICTURE FRAMES	1	20
PERSONAL REPELLANTS	2	99
EASTER EGG COLORING	2	117
MISC. INFANT SUPPLY	2	65
SPHE 9.99	2	115
MISC GREETING CARD SHOP	2	78
FROZEN CONVENIENCE/POCKETS	2	286
BALLOONS SHAPES/OTHER	2	175
ALTERNATIVE LITTER	2	112
BATH & BODY THERAPIES	2	32
FROZEN MISC	1	28
THIN MEATS	2	63
SHLDR - BUTT	2	41
SUNGLASSES SOLARGENICS	2	67
CANADIAN WHISKEY(42 UNDER PROO	2	49
FRZN MISC SEAFOOD	2	113
OILS/VINEGAR	2	77
INSTANT DECAF FLVR COFFEE W/ S	2	56
HAM - BONE-IN HALF/PORT	2	51
BLEND/MIX	2	32
BEERALE -NON ALCOHOLIC	2	201
PREMIUM 1.5LT WINES	2	43
LADIES SHEER HOSIERY	2	93
SPECIALTY SNACKS (SOYNUTS/TRAI	2	58
SINUS/ALLERGY(AGE RESTRICTED)	2	40
SEASONAL OTHER	2	36
DL SPEC: MUST/OILS/VINEGARS	2	80
GLAZED FRUITS	1	22
COFF SHOP: DANISH TAKE OUT	2	42
CHRISTMAS LIGHTS	2	197
HAMS-CANNED	1	8
NECTARINES WHITE FLESH	2	81
HISPANIC CARBONATED BEVERAGES	2	265
CHERRIES (EXCEPT MARASCHINO)	2	62
ROSE BOUQUET	2	106
MENS FASHION UNDERWEAR	1	11
PREP FD: ORIENTAL (COLD)	1	29
KIDS MILK DRINKS-ASEPTIC	1	15
BABY BASIC INFANT ACC TOYS	2	53
DEODORANTS	1	17
MAKE-UP/WIGS	2	116
APPLE BUTTER	2	96
FOLIAGE PLANTS-OTHER	1	23
DELI TRAY:FRUIT AND VEGETABLE	2	166
MUSHROOMS OTHER	2	141
WOMENS /GIRLS  SOCKS	1	13
CARD GAMES	2	112
FITNESS&DIET-CAPSULES&TABLETS	1	10
CANNING SPICESSALSAPICKLING	2	52
FISHER PRICE	2	72
OUTDOOR	2	32
SAUSAGE	2	304
CIGARETTE PARAPHERNALIA	1	7
BABY ISOTONIC DRINKS	2	260
WHOLE - TOM (16 LBS & OVER FRS	1	20
PARTY TRAYS: COOKIES-ROLLS	2	53
WHOLE/CUTUP	1	22
TRADITIONAL RUM	1	12
MELONS WHOLE OTHER	2	44
POTATOES WHITE (BULK&BAG)	2	58
VARIETY MEAT - EXTERNAL	2	111
MENS HAIR SPRAYS/TONICS/CREAMS	2	174
SV BEV: COFFEE TAKE OUT	2	35
FROZEN ICE CREAM	2	68
PROTIEN SALADS - PREPACK	2	62
KITCHEN TEXTILES	2	114
TREE STANDS	2	44
SUNLESS PRODUCTS	2	67
SMOKING TOBACCO	2	57
MEDICATED FIRST AID DRESSING/C	1	19
DESSERTS & VERMOUTH	2	103
PREMIUM FOLIAGE PLANTS	2	61
EYE CARE ACCESSORIES	2	44
SBT	1	29
COMPUTER ACCESSORIES	1	9
PURSE BOOKS-MAGAZINE	2	127
THERMOMETERS PROBE COVERS	2	72
SWIM/SPA POOLS	2	123
QSR FD: ORIENTAL (HOT)	2	118
SW GDS: MUFFINS	2	105
MINI 2-5 STEMS	1	30
FROZEN MEAT	1	28
TULIPS	2	47
BASIC CALC	2	47
MISC. CEREAL	2	46
NUT SUPP-C VITAMINS	1	18
NUT SUPP-HOMEOPATHY	1	10
SANDWICHES - (HOT)	1	21
GROOMING COMBS THERMOMETER	1	17
HAMS-DRY CURED/COUNTRY	2	57
AREA REPELLANTS	2	52
MISC. FEMININE HYGIENE	2	38
SANDWICHES-OTHER	2	239
AUTHENTIC ASIAN FOODS	1	27
CD-R	2	67
SEAFOOD-FRZ-BRD WHOLE FILLETS	2	86
SEAFOOD-FRZ-BRD-OTHER	1	22
FM-NFL	2	38
TRADITIONAL GIN	1	17
HASBRO	1	21
TURKEY THIGHS	1	14
BATTERIES	2	149
MENS PAJAMAS	1	18
AREA RUGS	2	33
TOTES	2	34
VAC BAGS/ACC	2	118
MISCELLANEOUS NON FOOD PRODUCE	1	6
LANDSCAPE HELPERS	1	16
NUT SUPP-ESSENTIAL OILS (REFRI	1	5
BROCCO-FLOWER	2	35
SPORTS NUTRITION	1	22
PORTABLE GRILLS	1	10
PREMIUM ANNUALS (OUTDOOR)	1	30
BABY CEREAL	2	74
DESIGNER FRAGRANCES	2	72
EVERYDAY SMALL	1	12
VEGETABLES/DRY BEANS	2	163
RHAPSODY	1	31
CANDY BAGS-NON CHOCOLATE W/FLO	2	207
ELECTRICAL ITEMS	1	7
BRUSH/WEED/GRASS KILLERS	1	15
BATH SPONGES/ACCESSORIES	2	37
PLANNERS & ORGANIZERS	1	11
FLATWARE	1	8
GIFT ITEMS	1	7
SPECIALTY	2	38
ORGANIC PROCESSED	1	20
IN STORE MADE	1	29
EASTER FILL EGGS	2	89
NOVELTY CANDY-TAXABLE	1	8
EASTER BASKETS	2	70
PACKAGED MIX	2	79
PREPARED/PKGD FOOD MISC	1	24
SEAFOOD-MISC-SAUCES/MARIN-DRY	2	51
SAUCES/MARINADES	2	45
RIGID GAS PERMEABLE	2	98
EVERYDAY MEDIUM	1	27
HOLDIAY DINNER (COLD)	1	27
HERBS DRIED	2	49
VEG JUICE (EXCEPT TOMATO) (50%	2	61
NATURAL FOODS DISH	1	23
COFFEE GROUND	1	9
AQUARIUM NEEDS	2	137
CANNING SUPPLIES/PICKLING MIX	1	15
FLOWERING PLANTS (5IN & DOWN)	2	67
MEAT-MISC-MISC	2	34
SCIENCE FICTION-MAGAZINE	1	5
OUTDOOR SPORTS	1	13
HAND HELD GAMES	1	6
SUNGLASSES SPORT	1	18
PIES: SUGAR FREE	2	37
JEWELRY/COSTUME FAF	1	9
MINI DISC	2	33
RECHARABLE BATTERIES	2	46
KABOBS POULTRY	2	32
ROMANCE-MAGAZINE	2	99
PERSNL APPL: FT BTH/MASSGRS	1	21
EXTERNAL FRESH	2	76
SPANISH RICE (CANNED ONLY)	1	22
BARBIE	2	54
SOAP- LIQ&BAR	1	27
CHIX: CHICKEN DINNERS/SNACKS C	1	9
WREATHS	1	23
BULK CANDY W/FLOUR	2	37
MENS /BOYS  SOCKS	1	5
CORN BI-COLOR	1	24
HAIR ROLLERS	1	24
TREAT CARRIERS	2	79
MEATLESS/VEGETARIAN	2	48
WIRE	2	38
CLOSET ORGNZRS: HNGRS/STORER	2	47
SCHNAPPS(42 UNDER PROOF)	2	53
SINCLAIR AND VALENTINE	1	7
BREAD - TOPPINGS &SEASONINGS	1	17
CAPSULE/TABLET NUTRITION PRODU	1	9
TORCHES	1	12
PATIO SETS	1	9
MISC. BABY PRODUCTS	2	97
CANNED CAT FOOD RATION (ECONOM	2	87
KIDS	1	26
CHIX: ROTISSERIE COLD	2	50
THERMAL ANALGESICS	1	16
NOVELTY CANDY W/FLOUR	1	6
BREADED - CHICKEN	2	51
COMICS	1	24
WATER GUNS	1	28
EASTER GIFTWARE/DECOR	2	83
EASTER BASKET STUFFERS	2	113
PUMPKINS NON FOOD DECORATED	1	5
BATH KITS	1	5
THROWS	1	17
CONVALESCENT CARE - CANES	1	13
ORGANIC STONE FRUIT	1	27
NATURAL FOODS CLEANERS	1	31
ORAL HYGIENE PRODUCTS	1	16
PREP FD: HISPANIC (COLD)	1	11
MEAT: BACON	1	18
AUTHENTIC DRY BEVERAGES W/O SW	2	43
CANDLES & LIGHTING	1	25
BATH UTILITY/ORG	1	7
MARGARITA SALT/SUGAR MISC	2	42
ORGANIC VALUE ADDED VEGETABLES	2	42
CHICKEN	1	17
RIDE-ONS	1	6
SURFACE PREP	1	20
WASTECANS	1	28
DIET/NUTRITION VITAMIN (ADULT	1	11
NATURAL CHEESE RANDOM WT	2	37
HISPANIC JUICES OVER 50% JUICE	1	19
SMOKED CHOPS BONELESS	2	34
MISC CARRIER	1	15
ADULT INCONTINENCE BRIEFS	2	46
ROSE ARRANGEMENTS	1	16
NATURAL FOODS PAPER	1	14
COLLARS AND LEADS	2	145
SMOKED PICNICS	1	20
BULK GLASSWARE	1	15
DIY ELECTRICAL	2	32
BALLOONS 18IN PKG LICENSED	1	24
CONSTRUCTION	2	49
BLENDED JUICE&COMBINATIONS (UN	1	7
MISC. ORAL HYGN.	1	13
NERF ITEMS	1	21
CLOCKS	1	15
SCIENCE&TECHNOLOGY-MAGAZINE	2	42
SW GDS:SW ROLLS/DAN-LESS THN 6	2	33
CRAFT BASICS	2	37
FLAGS	2	37
BABY BASICS	2	50
GUNS-MAGAZINE	2	33
PLUSH	2	54
POLY POOLS	1	17
BABY FURNITURE ACCESSORIES	1	21
FILLERS	1	18
NEWS-MAGAZINE	2	49
TIMERS AND THERMOSTATS	1	6
FLNK/PLT/SHNK - WH/HALF	2	49
MISC. GLASSWARES	1	11
OVEN CLEANERS	2	130
LOTIONS/CREAMS/OILS	1	11
ORGANIC NUTS	1	6
ETHNIC SHAVE PRODUCTS	1	10
NON FOOD KOSHER ITEMS	1	11
SOUR CREAM/COTTAGE CHEESE	2	96
SUSHI - PREPACKAGED	1	25
HOLIDAY ARRANGEMENTS	1	8
DL SPEC: JELLIES/TOPPINGS	1	27
AUTHENTIC DRY BEVERAGES W/SWEE	1	27
AS SEEN ON TV	1	25
KODAK COPY PRINT STATION	1	12
MINI ORNAMENTS	1	28
FOOD SAVERS	1	12
BREAST - BONE-IN (FRZ)	1	19
CANADIAN WHISKEY	2	41
IRONING ACCESSORIES: BRDS/CV	2	39
MASKS	2	56
GRAINS	2	63
PHONE CARDS	2	54
MENS GIFTS	1	6
NUT SUPP-NON HERBAL SUPPLEMENT	1	7
TEA KETTLES	1	8
CORSAGES/BOUTONNIERES	1	13
FLOWER SEEDS	1	30
BERRIES CND (BLUBLKRASP)	1	18
FASHION SLG	1	31
SPORTS MEDICINE	1	7
WINDSHIELD	1	20
SIDE DISHES	1	11
TRUESCENTS/BAIN DELUXE	1	5
CAN OPENERS	1	11
JHOOK - BABY	1	22
MISSION TABLES	1	12
HEATERS	1	8
GRINDS	1	11
SMALL ACCESS UMBRELLAS	1	29
OUTDOOR ROLL-UP BLINDS	1	17
ALL PURPOSE CLEANERS	1	16
INDR PLANTR ACCESSORIES	1	7
BRANDY	1	12
SEASONAL NOVELTY ITEMS	1	6
NOVELTY FOLIAGE PLANTS	1	6
FRZN SWEET ROLLS&MUFFINS	2	34
PARTY TRAYS: BREAKFAST SWEETS	1	7
PLANT CARE & SOIL (LESS THAN 2	2	37
AUTHENTIC SOUPS BOUILLONS	2	90
MOVING AND STORAGE	1	8
MENS ARCTIC FLEECE SHIRT	1	8
JUICE (UNDER 50% JUICE)	2	32
VEGETABLE	1	7
ROUND/LEG	1	20
MISC. CND FRUIT (GRAPESFIGSE	1	13
MEAT-MISC-RW-ALL	1	10
BATH OILS	1	11
PLATINUM PERENNIALS (OUTDOOR)	1	14
HISPANIC SPICES AND SEASONINGS	1	19
MISCELLANEOUS HOLIDAY GIFTWARE	2	47
WREATHS/TINSEL/GARLAND	2	42
SAFETY & SECURITY	1	6
READING GLASSES ACCESSORIES	1	13
GERBS	1	9
WICKER	1	17
SHLDR - PICNIC	1	5
SEASONAL MISCELLANEOUS W/FLOUR	1	9
RBR SYRNGS HOT WTR BTLS	2	48
MISC DIET	1	15
MEAT-MISC-SAUCES/MARIN-DRY	1	16
GERMAN FOODS	1	27
CAN/BTL BEVERAGE	2	104
KETCHUP/MUSTARD/BBQ SCE/MARINA	1	28
MILITARY/SURVIVAL-MAGAZINE	1	8
MAX FACTOR	2	39
RACQUET SPORTS	1	7
TRADITIONAL TEQUILA	1	8
TELEVISIONS	1	5
ACCESSORIES	1	19
ORGANIC PEPPERS ALL	2	32
NON FOOD	1	17
ETHNIC SKIN CARE	1	7
FOOTBALL	1	18
HOME DECOR	1	11
CHRISTMAS GREENS/WREATHS	1	10
BOXED GLASSWARE	1	24
CURFEW JEWELRY	1	6
COMPUTING-MAGAZINE	2	64
BEEF/PORK - DRIED SLICED W/GRA	2	40
LOIN	1	21
PRESCHOOL TOYS	1	9
GRAPES OTHER	1	17
BUILDERS HARDWARE	1	25
MENS FASH SPORT SOCKS	1	9
TRADITIONA GIN (42 UNDER PROOF	1	18
INDIVIDUAL ORNAMENTS	2	52
CELLULAR ACCESSORIES	1	15
FASHION SHEETS	1	12
DIET CNTRL POWDERS NUTRITIONAL	2	55
PREMIUM MUMS	1	14
MMK DOWNLOAD	1	21
HISPANIC CHEESE	1	7
OUTDOORS-MAGAZINE	1	8
CHEMICALS/MTL POLISH/MOTH	2	49
ORGANIC MELONS	1	14
PHYSICANS FORMULA	1	11
SMALL PACKAGE FERTILIZERS	1	7
NUT SUPP-PROTEIN-FOOD STAMPABL	1	16
TEA DRY	1	27
PROMOTIONAL TOWELS	1	9
TRAVEL-MAGAZINE	1	8
MISC. ETHNIC HBC ITEMS	1	8
BATH TOWELS WASH CLOTHS HT	1	16
MEDITERRANEAN/GREEK FOODS	1	31
CUTTING BOARDS	1	24
SFT DRNK MISC CAN (EX:4PK18PK	1	14
YELLOW JACKET	1	5
BRISKET	1	13
FLAVORED RUM	1	6
SOCCER	1	8
MUSHROOMS DRIED	1	8
LADIES CASUAL SHOES	2	49
TREE ACCESSORIES	1	6
REFRIGERATED KOSHER PRODUCTS	1	12
FLOURSCENT LAMPS	1	9
DOORMATS RUN RUNNERS CARPT	1	21
TABLETOP	1	6
N-PRESC HEARING AID BATTERIES	1	5
MISC FEMININE HYGIENE MEDICATE	1	24
GAS GRILLS	1	5
LIGHTING ACCESSORIES	1	13
PLANTERS	1	20
SNOW GOODS	1	5
WATERMELON PERSONAL	2	48
*SCRAPBOOK	1	7
PEYTON/GM EXPENSE ITEMS	1	11
COORDINATES	1	27
PARFUMS DE COUER	1	14
R/C VEHICLES	1	7
SFT DRNK MISC BTL (ANY BTL NOT	1	9
DECORATOR ACCESSORIES	1	5
PLATINUM FLOWERING PLANTS	1	10
BASIC HAND TOOLS	1	10
CALLA LILY	1	11
BOYS HOSIERY	1	9
SUNGLASSES YOUNG MENS	1	17
RX MEDICATED OTC DRUGS	1	12
WATER SOULABLE FERTILIZERS	1	7
DRUMS (FRZ)	1	6
MISC FRAGRANCES	1	7
CHARCOAL GRILLS	1	8
COFF SHOP: INEDIBLES	1	13
AUDIO/STEREO-MAGAZINE	1	5
MASTERCARD GIFT CARD	2	34
ORGANIC	1	6
*BOYS/GIRLS MISC TOYS	1	19
VALENTINE MISC	1	16
SKIRT	1	8
PLANT FOODS	1	6
TOYTRONICS	1	8
PORTABLE AUDIO	1	8
WATCHES WATCH BANDS	1	9
FACE MAKE UP AND TREATMENT	1	8
HOSE REPAIRS	1	12
HAIR PERMANENTS AND RELAXERS	1	8
APPLES CRABAPPLES	1	13
CAMPING FURNITURE	1	8
APS	1	8
*SPRING/SUMMER MISC	1	11
CHIX: BAKED 8PC CUT UP (COLD)	1	22
FM-TEAM SPORTS	1	6
DELUXE 25 STEMS & UP	1	20
MODELS	1	13
HANES PANTIES	1	9
VITAMIN MISC	1	5
RESIN	1	8
NUT SUPP-JOINT HEALTH	1	7
FLORAL - ALL OTHERS	1	7
HAM - BONELESS HALF/PORT	1	11
IRONS	1	7
BAKING	1	12
SUPER PREMIUM TOPPING	1	10
FITNESS & DIET - SUPPLEMENTS	1	9
PNUT BTR/JELLY	1	5
CRV DEPOSIT NT/F	1	5
FLAVORED BRANDYH (42 UNDER PRO	1	7
FOLIAGE PLANTS (6IN TO 10IN)	1	13
BUNCHES 5-9 STEM (OTHER)	1	10
CERAMIC PLANTERS	1	5
HD DESIGNS	1	5
JUICE (OVER 50% JUICE)	1	10
VITAMIN - ADULT ONLY SUPPLEMEN	1	10
PROMO BED PILLOWS	1	8
BASIC TOWELS	1	6
FREEZE MIXES PWDRS/LIQUIDS	1	5
MISC OILS	1	16
BAGS/ACC	1	6
CAKES: POUND	1	16
INFANT WEAR	1	6
NUT REFRIG JUICE OVER 50%	1	9
SHAVERS: MENS  WOMENS	1	7
CLOSET HOOKS	1	9
OTHER ASIAN FOODS	1	13
PHONE ACCESSORIES	1	11
VIDEO ACCESSORIES	1	5
ELECTRONICS	1	15
RW FRESH PROCESSED MEAT	1	6
SEAFOOD-MISC-RW-ALL	1	5
COFFEE WHOLE BEAN	1	6
HANDBAGS LEATHER&SUEDE	1	8
GIFT SETS	1	5
LOIN - WH/HALF	1	5
DATES	1	22
BULB SETS	1	5
LEVI 550	1	11
JEWELRY/COSTUME NECK/BRAC ANK	1	6
BEVERAGE	1	6
TURKEY GRND/PTTY	1	6
BLENDED WHISKEY	1	6
GLUTEN FREE	1	7
BOUQUETS (NON-ROSE)	1	6
*MISC. LOBBY ITEMS	1	5
REPTILE NEEDS	1	5
QSR FD: HOT PIZZA	1	7
FRESH HAMS	1	6
ALMANACS-MAGAZINE	1	6
PREMIUM EASTER LILY	1	12
4-20 BOYS TEAM SPORT	1	5
BASKETBALL	1	10
HALLOWEEN COSTUMES/MASKS/ACCES	1	5
BABY SOFT GOODS CLOTH DIAPR	1	5
TABLECLOTHS TOPPERS	1	5
MEAT: GIFT PACK	1	7
SEASONAL SILK ARRANGEMENTS	1	6
MOUTH SORE	1	7
BOXED	1	5
SALAD BAR OTHER	1	7
DIET BARS DIET LIQUID MEALS	1	6
HUMOR-MAGAZINE	1	5
HOUSE/CARPET DEODORIZERS	1	5
COFFEE SHOP: CANDY	1	5
COOKIES	1	7
STRING LIGHTS	1	11
MISC. OTC MEDICINES	1	6
BASEBALL	1	7
SOFT DRINKS BOTTLE RETURNABLE	1	9
NATURAL FOODS SNACKS	1	10
BREAST - BONE-IN	1	9
MOUTHWASHES (ANTISEPTIC)	1	5
